{"cameraMode":{"drawMode":0,"name":"Shaded","section":"Shading Mode"},"sceneLighting":true,"audioPlay":false,"sceneViewState":{"m_AlwaysRefresh":false,"showFog":true,"showSkybox":true,"showFlares":true,"showImageEffects":true,"showParticleSystems":true,"showVisualEffectGraphs":true,"m_FxEnabled":true},"in2DMode":false,"pivot":{"x":-0.3972833454608917,"y":0.2584875524044037,"z":0.06977487355470658},"rotation":{"x":0.14824891090393067,"y":0.005933662410825491,"z":-0.0008895085193216801,"w":0.988932728767395},"size":4.881698131561279,"orthographic":true}